{
    "MetaData": {
        "ContentFormatVersion": 4,
        "Id": "Critical",
        "Name": "Critical",
        "ResourcePath": "DATA/Globals/Critical.inibin"
    },
    "Values": {
        "Karma": {
            "Critical0": 0,
            "Critical1": 0.00102,
            "Critical10": 0.0111,
            "Critical100": 0.30814,
            "Critical101": 0.31452,
            "Critical102": 0.32084,
            "Critical103": 0.32712,
            "Critical104": 0.33334,
            "Critical105": 0.33952,
            "Critical106": 0.34565,
            "Critical107": 0.35174,
            "Critical108": 0.35778,
            "Critical109": 0.36378,
            "Critical11": 0.01234,
            "Critical110": 0.36973,
            "Critical111": 0.37565,
            "Critical112": 0.38153,
            "Critical113": 0.38738,
            "Critical114": 0.39318,
            "Critical115": 0.39896,
            "Critical116": 0.4047,
            "Critical117": 0.4104,
            "Critical118": 0.41608,
            "Critical119": 0.42172,
            "Critical12": 0.01361,
            "Critical120": 0.42734,
            "Critical121": 0.43293,
            "Critical122": 0.43849,
            "Critical123": 0.44403,
            "Critical124": 0.45403,
            "Critical125": 0.4643,
            "Critical126": 0.47444,
            "Critical127": 0.48447,
            "Critical128": 0.49439,
            "Critical129": 0.5042,
            "Critical13": 0.0149,
            "Critical130": 0.5139,
            "Critical131": 0.52349,
            "Critical132": 0.53298,
            "Critical133": 0.54236,
            "Critical134": 0.55164,
            "Critical135": 0.56082,
            "Critical136": 0.5699,
            "Critical137": 0.57889,
            "Critical138": 0.58778,
            "Critical139": 0.59657,
            "Critical14": 0.01623,
            "Critical140": 0.60527,
            "Critical141": 0.61389,
            "Critical142": 0.62241,
            "Critical143": 0.63084,
            "Critical144": 0.63919,
            "Critical145": 0.64745,
            "Critical146": 0.65562,
            "Critical147": 0.66372,
            "Critical148": 0.67173,
            "Critical149": 0.67966,
            "Critical15": 0.01758,
            "Critical150": 0.68751,
            "Critical151": 0.69528,
            "Critical152": 0.70298,
            "Critical153": 0.7106,
            "Critical154": 0.71815,
            "Critical155": 0.72562,
            "Critical156": 0.73302,
            "Critical157": 0.74035,
            "Critical158": 0.74761,
            "Critical159": 0.75479,
            "Critical16": 0.01896,
            "Critical160": 0.76191,
            "Critical161": 0.76897,
            "Critical162": 0.77595,
            "Critical163": 0.78287,
            "Critical164": 0.78973,
            "Critical165": 0.79652,
            "Critical166": 0.80325,
            "Critical167": 0.80992,
            "Critical168": 0.81652,
            "Critical169": 0.82307,
            "Critical17": 0.02037,
            "Critical170": 0.82956,
            "Critical171": 0.83598,
            "Critical172": 0.84235,
            "Critical173": 0.84866,
            "Critical174": 0.85492,
            "Critical175": 0.86112,
            "Critical176": 0.86727,
            "Critical177": 0.87336,
            "Critical178": 0.8794,
            "Critical179": 0.88538,
            "Critical18": 0.02181,
            "Critical180": 0.89131,
            "Critical181": 0.8972,
            "Critical182": 0.90303,
            "Critical183": 0.90881,
            "Critical184": 0.91454,
            "Critical185": 0.92022,
            "Critical186": 0.92586,
            "Critical187": 0.93144,
            "Critical188": 0.93698,
            "Critical189": 0.94248,
            "Critical19": 0.02328,
            "Critical190": 0.94793,
            "Critical191": 0.95333,
            "Critical192": 0.95869,
            "Critical193": 0.964,
            "Critical194": 0.96927,
            "Critical195": 0.9745,
            "Critical196": 0.97968,
            "Critical197": 0.98483,
            "Critical198": 0.98993,
            "Critical199": 0.99499,
            "Critical2": 0.00205,
            "Critical20": 0.02479,
            "Critical200": 1.0,
            "Critical21": 0.02632,
            "Critical22": 0.0279,
            "Critical23": 0.0295,
            "Critical24": 0.03114,
            "Critical25": 0.03282,
            "Critical26": 0.03454,
            "Critical27": 0.03629,
            "Critical28": 0.03808,
            "Critical29": 0.03992,
            "Critical3": 0.0031,
            "Critical30": 0.04179,
            "Critical31": 0.04371,
            "Critical32": 0.04566,
            "Critical33": 0.04766,
            "Critical34": 0.04971,
            "Critical35": 0.0518,
            "Critical36": 0.05394,
            "Critical37": 0.05612,
            "Critical38": 0.05835,
            "Critical39": 0.06063,
            "Critical4": 0.00418,
            "Critical40": 0.06296,
            "Critical41": 0.06534,
            "Critical42": 0.06777,
            "Critical43": 0.07025,
            "Critical44": 0.07278,
            "Critical45": 0.07537,
            "Critical46": 0.07801,
            "Critical47": 0.0807,
            "Critical48": 0.08345,
            "Critical49": 0.08626,
            "Critical5": 0.00527,
            "Critical50": 0.08912,
            "Critical51": 0.09204,
            "Critical52": 0.09502,
            "Critical53": 0.09805,
            "Critical54": 0.10114,
            "Critical55": 0.10429,
            "Critical56": 0.1075,
            "Critical57": 0.11076,
            "Critical58": 0.11408,
            "Critical59": 0.11747,
            "Critical6": 0.00639,
            "Critical60": 0.12091,
            "Critical61": 0.12441,
            "Critical62": 0.12796,
            "Critical63": 0.13158,
            "Critical64": 0.13525,
            "Critical65": 0.13898,
            "Critical66": 0.14277,
            "Critical67": 0.14662,
            "Critical68": 0.15052,
            "Critical69": 0.15448,
            "Critical7": 0.00753,
            "Critical70": 0.15849,
            "Critical71": 0.16256,
            "Critical72": 0.16668,
            "Critical73": 0.17113,
            "Critical74": 0.17559,
            "Critical75": 0.18006,
            "Critical76": 0.18453,
            "Critical77": 0.18902,
            "Critical78": 0.19352,
            "Critical79": 0.19803,
            "Critical8": 0.0087,
            "Critical80": 0.20256,
            "Critical81": 0.20711,
            "Critical82": 0.21183,
            "Critical83": 0.217,
            "Critical84": 0.22214,
            "Critical85": 0.22726,
            "Critical86": 0.23237,
            "Critical87": 0.23746,
            "Critical88": 0.24254,
            "Critical89": 0.24761,
            "Critical9": 0.00989,
            "Critical90": 0.25267,
            "Critical91": 0.25772,
            "Critical92": 0.26277,
            "Critical93": 0.26781,
            "Critical94": 0.27285,
            "Critical95": 0.2779,
            "Critical96": 0.28294,
            "Critical97": 0.28868,
            "Critical98": 0.29522,
            "Critical99": 0.30171
        }
    }
}